Date de publication;Date du vote;Nom de la loi créée / modifiée / abrogée;RO;RS;Unité ;Nb pages
21.12.2020;19.06.2020;Loi fédérale sur le contrôle des biens utilisables à des fins civiles et militaires, des biens militaires spécifiques et des biens stratégiques (Loi sur le contrôle des biens, LCB;RO 2020 6349;946.202;Secrétariat d'État à l'économie;2
18.12.2020;18.12.2020;Loi fédérale sur les bases légales des ordonnances du Conseil fédéral visant à surmonter l'épidémie de COVID-19 (Loi COVID-19) (Culture, cas de rigueur, sport, assurance-chômage, amendes d'ordre);RO 2020 5821;818.102;Administration fédérale des finances;8
18.12.2020;18.12.2020;Loi fédérale sur les crédits garantis par un cautionnement solidaire à la suite du coronavirus (Loi sur les cautionnements solidaires liés au COVID-19, LCaS-COVID-19);RO 2020 5831;951.26;Administration fédérale des finances;18
08.12.2020;19.06.2020;Loi fédérale sur l'échange international automatique de renseignements en matière fiscale (LEAR);RO 2020 5247;653.1;Secrétariat d’État aux questions financières internationales;4
01.12.2020;19.06.2020;Loi fédérale sur le contrat d'assurance (Loi sur le contrat d'assurance, LCA);RO 2020 4969;221.229.1;Secrétariat d’État aux questions financières internationales;18
01.12.2020;20.12.2019;Loi fédérale sur la protection de la population et sur la protection civile (LPPCi);RO 2020 4995;520.1;Office fédéral de la protection de la population;36
01.12.2020;19.06.2020;Loi fédérale sur le traitement fiscal des sanctions financières;RO 2020 5121;642.11;Administration fédérale des contributions;4
01.12.2020;21.06.2019;Loi fédérale sur la partie générale du droit des assurances sociales (LPGA);RO 2020 5137;830.1;Office fédéral des assurances sociales;12
17.11.2020;27.09.2019;Loi fédérale sur les allocations pour perte de gain en cas de service et de maternité (Loi sur les allocations pour perte de gain, LAPG);RO 2020 4689;834.1;Services du Parlement;8
03.11.2020;20.12.2019;Loi fédérale sur l'amélioration de la conciliation entre activité professionnelle et prise en charge de proches;RO 2020 4525;220;Office fédéral des assurances sociales;18
20.10.2020;19.06.2020;Loi fédérale sur les mesures de coercition à des fins d'assistance et les placements extrafamiliaux antérieurs à 1981 (LMCFA);RO 2020 4175;211.223.13;Commission des affaires juridiques;4
20.10.2020;19.06.2020;Loi fédérale sur le droit international privé (LDIP);RO 2020 4179;291;Office fédéral de la justice;12
13.10.2020;19.06.2020;Loi fédérale sur l'expropriation (LEx);RO 2020 4085;711;Secrétariat général DETEC;28
25.09.2020;25.09.2020;Loi fédérale sur le soutien des transports publics durant la crise du COVID-19;RO 2020 3825;740.1;Office fédéral des transports;4
25.09.2020;25.09.2020;Loi fédérale sur les bases légales des ordonnances du Conseil fédéral visant à surmonter l'épidémie de COVID-19 (Loi COVID-19);RO 2020 3835;818.102;Office fédéral de la justice;10
25.09.2020;25.09.2020;Loi fédérale sur la prévoyance professionnelle vieillesse, survivants et invalidité (LPP);RO 2020 3845;831.40;Office fédéral des assurances sociales;2
25.09.2020;25.09.2020;Loi fédérale sur l'assurance-chômage obligatoire et l'indemnité en cas d'insolvabilité (Loi sur l'assurance-chômage, LACI) (Financement additionnel de l'assurance-chômage);RO 2020 3847;837.0;Secrétariat d'État à l'économie;2
21.07.2020;01.07.2020;Loi fédérale sur les médicaments et les dispositifs médicaux (Loi sur les produits thérapeutiques, LPTh);RO 2020 2961;812.21;Office fédéral de la santé publique;14
07.07.2020;27.09.2019;Loi fédérale sur les allocations familiales (Loi sur les allocations familiales, LAFam);RO 2020 2775;836.2;Office fédéral des assurances sociales;4
30.06.2020;19.06.2020;Loi fédérale sur la lutte contre les maladies transmissibles de l'homme (Loi sur les épidémies, LEp);RO 2020 2727;818.101;Chancellerie fédérale suisse;2
09.06.2020;28.09.2018;Loi fédérale sur l'organisation de l'infrastructure ferroviaire;RO 2020 1889;151.3;Office fédéral des transports;26
12.05.2020;27.09.2019;Loi fédérale sur l'armée et l'administration militaire (Loi sur l'armée, LAAM;RO 2020 1547;510.10;Secrétariat général DDPS;2
06.05.2020;06.05.2020;Loi fédérale sur l'aviation (LA);RO 2020 1493;748.0;Office fédéral de l'aviation civile;2
21.04.2020;20.12.2019;Loi fédérale sur les mesures de coercition à des fins d'assistance et les placements extrafamiliaux antérieurs à 1981 (LMCFA) (Octroi de prestations complémentaires aux victimes);RO 2020 1267;211.223.13;Services du Parlement;2
21.04.2020;20.12.2019;Loi fédérale sur la reconduction des allégements fiscaux accordés pour le gaz naturel, le gaz liquide et les biocarburants et sur la modification de la loi sur le CO2;RO 2020 1269;641.61;Services du Parlement;12
15.04.2020;27.09.2019;Loi fédérale sur la protection de la nature et du paysage (LPN);RO 2020 1217;451;Services du Parlement;2
24.03.2020;27.09.2019;Loi fédérale sur le droit d'auteur et les droits voisins (Loi sur le droit d'auteur, LDA);RO 2020 1003;231.1;Institut Fédéral de la Propriété Intellectuelle;10
24.03.2020;12.03.2020;Erratum - Loi fédérale sur le renseignement (LRens);RO 2020 1057;121;Chancellerie fédérale suisse;2
17.03.2020;27.09.2019;Loi fédérale sur la participation aux frais des cantons pour les contrôles relatifs à l'obligation d'annoncer les postes vacants (LPCA);RO 2020 811;823.12;Secrétariat d'État à l'économie;4
10.03.2020;21.06.2019;Loi fédérale sur les marchés publics (LMP);RO 2020 641;172.056.1;Office fédéral des constructions et de la logistique;50
03.03.2020;22.03.2019;Loi fédérale sur les prestations complémentaires à l'AVS et à l'AI (Loi sur les prestations complémentaires, LPC) (Réforme des PC);RO 2020 585;831.30;Office fédéral des assurances sociales;14
18.02.2020;15.06.2018;Erratum - Loi fédérale sur les établissements financiers (LEFin);RO 2020 501;954.1;Commission de rédaction de l'Assemblée fédérale;2
11.02.2020;14.12.2018;Abrogation de la loi fédérale sur l'octroi de cautionnements et de contributions au service de l'intérêt dans les régions de montagne et le milieu rural en général;RO 2020 407;901.2;Secrétariat d'État à l'économie;2
05.02.2020;27.09.2019;Loi fédérale sur la protection de l'environnement (Loi sur la protection de l'environnement, LPE);RO 2020 513;814.01;Services du Parlement;2
14.01.2020;30.09.2016;Loi fédérale sur les professions de la santé (LPSan);RO 2020 57;811.21;Office fédéral de la santé publique;24
03.12.2019;21.06.2019;Loi fédérale sur la péréquation financière et la compensation des charges (PFCC);RO 2019 3817;613.2;Administration fédérale des finances;6
17.12.2019;15.06.2018;Loi fédérale sur les services financiers (LSFin);RO 2019 4417;950.1;Secrétariat d’État aux questions financières internationales;42
31.12.2019;15.06.2018;Erratum - Loi fédérale sur les établissements financiers (LEFin);RO 2019 5065;954.1;Chancellerie fédérale suisse;2
19.11.2019;21.06.2019;Loi fédérale sur les étrangers et l'intégration (LEI);RO 2019 3539;142.20;Secrétariat d'État aux migrations;2
26.11.2019;21.06.2019;Loi fédérale sur l'unité monétaire et les moyens de paiement (LUMMP) (Délai d'échange des billets de banque);RO 2019 3769;941.10;Administration fédérale des finances;2
08.10.2019;22.03.2019;Loi fédérale sur l'utilisation des forces hydrauliques (Loi sur les forces hydrauliques, LFH);RO 2019 3099;721.80;Office fédéral de l'énergie;4
15.10.2019;21.06.2019;Loi fédérale sur les compétences en matière de conclusion, de modification et de dénonciation des traités internationaux;RO 2019 3119;171.10;Bulletin officiel;4
22.10.2019;21.06.2019;Loi fédérale sur la mise en œuvre des recommandations du Forum mondial sur la transparence et l'échange de renseignements à des fins fiscales;RO 2019 3161;220;Secrétariat d’État aux questions financières internationales;12
22.10.2019;28.09.2018;Loi fédérale sur l'Institut suisse de droit comparé (LISDC);RO 2019 3199;425.1;Office fédéral de la justice;8
10.09.2019;14.12.2018;Loi fédérale sur l'égalité entre femmes et hommes (Loi sur l'égalité, LEg);RO 2019 2815;151.1;Office fédéral de la justice;4
10.09.2019;16.03.2018;Loi fédérale sur la partie générale du droit des assurances sociales (LPGA) (Base légale pour la surveillance des assurés);RO 2019 2829;830.1;Services du Parlement;4
06.08.2019;28.09.2018;Loi fédérale relative à la réforme fiscale et au financement de l'AVS (RFFA);RO 2019 2395;613.2;Administration fédérale des contributions;18
02.07.2019;25.06.2019;Erratum - Loi fédérale sur les jeux d'argent (LJAr);RO 2019 2013;642.21;Chancellerie fédérale suisse;2
30.07.2019;14.12.2018;Loi fédérale sur l'amélioration de la protection des victimes de violence;RO 2019 2273;210;Office fédéral de la justice;6
30.07.2019;22.03.2019;Loi fédérale portant modification de l'arrêté fédéral accordant une aide financière en faveur de la sauvegarde et de la gestion de paysages ruraux traditionnels;RO 2019 2337;451.51;Services du Parlement;2
30.07.2019;22.03.2019;Loi fédérale relative à la construction de la ligne ferroviaire suisse à travers les Alpes (Loi sur le transit alpin, LTrAlp);RO 2019 2341;742.104;Services du Parlement;2
12.06.2019;17.03.2017;Loi fédérale sur la navigation intérieure (LNI);RO 2019 1749;747.201;Office fédéral des transports;10
12.06.2019;14.12.2018;Loi fédérale sur les aides financières aux organisations de cautionnement en faveur des petites et moyennes entreprises;RO 2019 1781;951.25;Secrétariat d'État à l'économie;4
18.06.2019;14.12.2018;Loi fédérale modifiant la disposition sur la réparation;RO 2019 1809;311.0;Commission des affaires juridiques;4
14.05.2019;03.04.2019;Loi fédérale sur la transformation et l'extension des réseaux électriques ;RO 2019 1349;734.0;Office fédéral de l'énergie;14
21.05.2019;14.12.2018;Loi fédérale sur les étrangers et l'intégration (LEI) (Normes procédurales et systèmes d'information);RO 2019 1413;142.20;Secrétariat d'État aux migrations;18
16.04.2019;14.12.2018;Loi fédérale sur le calcul de la réduction pour participation pour les banques d'importance systémique;RO 2019 1207;642.11;Office fédéral pour l'approvisionnement économique du pays;4
16.04.2019;14.12.2018;Loi fédérale sur l'assurance-maladie (LAMal) (Prolongation pour une durée déterminée de la limitation de l'admission à pratiquer définie à l'art. 55a LAMal);RO 2019 1211;832.10;Services du Parlement;4
26.03.2019;16.06.2017;Loi fédérale sur la protection contre les dangers liés au rayonnement non ionisant et au son (LRNIS);RO 2019 993;814.71;Office fédéral de la santé publique;6
05.02.2019;28.09.2018;Loi fédérale sur l'impôt anticipé (LIA);RO 2019 433;642.21;Administration fédérale des contributions;4
19.02.2019;28.09.2018;Loi fédérale mettant en œuvre la directive (UE) 2016/680 ;RO 2019 625;235.1;Office fédéral de la justice;14
19.02.2019;28.09.2018;Loi fédérale sur la protection des données personnelles dans le cadre de l'application de l'acquis de Schengen dans le domaine pénal;RO 2019 639;235.3;Chancellerie fédérale suisse;14
29.01.2019;28.09.2018;Loi fédérale sur les aides financières à l'accueil extra-familial pour enfants (LAAcc);RO 2019 349;861;Bulletin officiel;2
28.12.2018;13.12.2018;Erratum - Loi fédérale sur les médicaments et les dispositifs médicaux (Loi sur les produits thérapeutiques, LPTh);RO 2018 5449;812.21;Chancellerie fédérale suisse;2
18.12.2018;15.06.2018;Loi fédérale sur les établissements financiers (LEFin);RO 2018 5247;954.1;Secrétariat d’État aux questions financières internationales;60
18.12.2018;29.09.2017;Loi fédérale sur les jeux d'argent (LJAr);RO 2018 5103;935.51;Office fédéral de la justice;52
11.12.2018;16.12.2016;Loi fédérale sur la poursuite pour dettes et la faillite (LP);RO 2018 4583;281.1;Bulletin officiel;2
13.11.2018;15.12.2017;Loi fédérale sur l'importation de produits agricoles transformés;RO 2018 3933;632.111.72;Chancellerie fédérale suisse;2
02.10.2018;16.03.2018;Loi fédérale sur le droit international privé (LDIP);RO 2018 3263;291;Office fédéral de la justice;6
02.10.2018;16.03.2018;Loi fédérale sur la taxe d'exemption de l'obligation de servir (LTEO);RO 2018 3269;661;Administration fédérale des contributions;8
16.10.2018;15.06.2018;Loi fédérale interdisant les groupes «Al-Qaïda» et «État islamique» et les organisations apparentées;RO 2018 3345;122;Office fédéral de la justice;2
23.10.2018;15.06.2018;Loi sur l'Assemblée fédérale (Loi sur le Parlement, LParl) (Modifications diverses du droit parlementaire);RO 2018 3461;171.10;Bulletin officiel;6
30.10.2018;16.03.2018;Loi sur l'Assemblée fédérale (Loi sur le Parlement, LParl) (Offres modernes d'information et de documentation du Parlement);RO 2018 3547;171.10;Services du Parlement;2
30.10.2018;18.07.2018;Erratum - Loi fédérale sur les médicaments et les dispositifs médicaux (Loi sur les produits thérapeutiques, LPTh);RO 2018 3793;232.14;Services du Parlement;2
18.09.2018;10.08.2018;Erratum - Loi fédérale sur les étrangers (LEtr) (Intégration);RO 2018 3213;142.20;Services du Parlement;2
14.08.2018;29.09.2017;Loi fédérale sur l'assurance-maladie (LAMal);RO 2018 2989;832.10;Services du Parlement;2
14.08.2018;16.07.2018;Erratum - Loi fédérale sur le programme de stabilisation 2017–2019;RO 2018 3017;743.01;Services du Parlement;2
28.08.2018;16.08.2018;Erratum - Loi fédérale sur l'armée et l'administration militaire (Loi sur l'armée, LAAM) (Ne concerne que le texte italien);RO 2018 3079;510.10;Chancellerie fédérale suisse;2
24.07.2018;16.03.2018;Loi sur le Tribunal fédéral des brevets (LTFB);RO 2018 2753;173.41;Bulletin officiel;4
31.07.2018;29.09.2017;Loi fédérale sur la circulation routière (LCR);RO 2018 2807;741.01;Bulletin officiel;2
05.06.2018;16.06.2017;Loi fédérale sur les aides financières à l'accueil extra-familial pour enfants;RO 2018 2247;861;Office fédéral des assurances sociales;4
15.05.2018;16.12.2016;Loi fédérale sur la révision de l'imposition à la source du revenu de l'activité lucrative;RO 2018 1813;642.11;Administration fédérale des contributions;14
15.05.2018;17.03.2017;Loi fédérale sur l'assurance-maladie (LAMal);RO 2018 1843;832.10;Services du Parlement;2
23.05.2018;18.03.2016;Loi fédérale sur l'enregistrement des maladies oncologiques (LEMO);RO 2018 2005;818.33;Office fédéral de la santé publique;14
06.02.2018;30.09.2016;Loi sur la nationalité suisse (LN) (Naturalisation facilitée des étrangers de la troisième génération);RO 2018 531;141.0;Bulletin officiel;2
13.02.2018;29.09.2017;Loi fédérale sur les droits de timbre (LT);RO 2018 705;641.10;Administration fédérale des contributions;2
20.02.2018;16.12.2016;Loi fédérale sur les étrangers (LEtr) (Gestion de l'immigration et amélioration de la mise en œuvre des accords sur la libre circulation des personnes);RO 2018 733;142.20;Secrétariat d'État aux migrations;8
27.02.2018;16.06.2017;Loi sur le transport de voyageurs (LTV);RO 2018 869;745.1;Office fédéral des transports;2
27.02.2018;15.02.2018;Erratum - Loi sur l'Assemblée fédérale (Loi sur le Parlement, LParl);RO 2018 935;171.10;Chancellerie fédérale suisse;2
23.01.2018;18.03.2016;Loi fédérale sur la surveillance de la correspondance par poste et télécommunication (LSCPT);RO 2018 117;780.1;Office fédéral de la justice;30
05.12.2017;16.12.2016;Loi fédérale sur les étrangers (LEtr) (Intégration);RO 2017 6521;142.20;Secrétariat d'État aux migrations;18
05.12.2017;18.03.2016;Loi sur les amendes d'ordre (LAO);RO 2017 6559;314.1;Office fédéral de la justice;10
05.12.2017;16.06.2017;Loi fédérale sur l'application du génie génétique au domaine non humain (Loi sur le génie génétique, LGG);RO 2017 6667;814.91;Office fédéral de l'environnement;4
05.12.2017;30.09.2016;Loi fédérale sur l'assurance-maladie (LAMal) (Adaptation de dispositions à caractère international);RO 2017 6717;832.10;Office fédéral de la santé publique;6
12.12.2017;30.09.2016;Loi fédérale sur le fonds pour les routes nationales et pour le trafic d'agglomération (LFORTA);RO 2017 6825;725.13;Office fédéral des routes;14
12.12.2017;30.09.2016;Loi sur l'énergie (LEne);RO 2017 6839;730.0;Office fédéral de l'énergie;50
19.12.2017;16.06.2017;Loi fédérale sur l'établissement chargé de l'administration des fonds de compensation de l'AVS, de l'AI et du régime des APG (Loi sur les fonds de compensation);RO 2017 7563;830.2;Office fédéral des assurances sociales;16
28.12.2017;16.06.2017;Loi fédérale régissant la taxe sur la valeur ajoutée (Loi sur la TVA, LTVA);RO 2017 7667;641.20;Services du Parlement;4
07.11.2017;17.03.2017;Loi fédérale sur l'organisation des autorités pénales de la Confédération (Loi sur l'organisation des autorités pénales, LOAP) (Création d'une cour d'appel au Tribunal pénal fédéral);RO 2017 5769;173.71;Office fédéral de la justice;4
14.11.2017;16.06.2017;Loi fédérale sur l'échange international automatique des déclarations pays par pays des groupes d'entreprises multinationales (Loi sur l'échange des déclarations pays par pays, LEDPP);RO 2017 5907;654.1;Secrétariat d’État aux questions financières internationales;12
14.11.2017;17.03.2017;Loi fédérale sur l'assurance-invalidité (LAI);RO 2017 5987;831.20;Services du Parlement;2
28.11.2017;17.03.2017;Loi fédérale sur la prévoyance professionnelle vieillesse, survivants et invalidité (LPP);RO 2017 6337;831.40;Services du Parlement;2
10.10.2017;16.12.2016;Loi fédérale sur la formation professionnelle (LFPr);RO 2017 5143;412.10;Secrétariat d'État à la formation, à la recherche et à l'innovation;4
10.10.2017;16.06.2017;Loi fédérale sur le numéro d'identification des entreprises (LIDE);RO 2017 5155;431.03;Office fédéral de la statistique;4
17.10.2017;17.03.2017;Loi fédérale sur le programme de stabilisation 2017–2019;RO 2017 5205;172.010;Administration fédérale des finances;10
24.10.2017;17.06.2016;Loi fédérale concernant l'exécution des conventions internationales conclues par la Confédération en vue d'éviter les doubles impositions;RO 2017 5517;672.2;Secrétariat d’État aux questions financières internationales;2
24.10.2017;17.03.2017;Loi fédérale concernant des mesures en matière de lutte contre le travail au noir (Loi sur le travail au noir, LTN);RO 2017 5521;822.41;Secrétariat d'État à l'économie;6
24.10.2017;16.06.2017;Loi fédérale sur l'aide monétaire internationale (Loi sur l'aide monétaire, LAMO);RO 2017 5567;941.13;Secrétariat d’État aux questions financières internationales;2
31.10.2017;16.06.2017;Loi fédérale sur l'aviation (LA);RO 2017 5607;748.0;Office fédéral de l'aviation civile;18
12.09.2017;31.08.2017;Erratum - Loi fédérale régissant la taxe sur la valeur ajoutée (Loi sur la TVA, LTVA);RO 2017 4857;641.20;Chancellerie fédérale suisse;2
19.09.2017;30.09.2016;Loi fédérale sur l'agrément et la surveillance des réviseurs (Loi sur la surveillance de la révision, LSR) (Champ d'application extraterritorial de la surveillance en matière de révision);RO 2017 4859;221.302;Office fédéral de la justice;4
19.09.2017;17.03.2017;Loi fédérale sur le Contrôle fédéral des finances (Loi sur le Contrôle des finances, LCF);RO 2017 4883;614.0;Contrôle fédéral des finances;6
19.09.2017;17.03.2017;Loi sur l'approvisionnement en électricité (LApEl);RO 2017 4999;734.7;Bulletin officiel;2
19.09.2017;18.12.2015;Loi fédérale sur le libre passage dans la prévoyance professionnelle vieillesse, survivants et invalidité (Loi sur le libre passage, LFLP);RO 2017 5019;831.42;Office fédéral des assurances sociales;2
26.09.2017;17.03.2017;Loi fédérale sur l'harmonisation des impôts directs des cantons et des communes (LHID);RO 2017 5039;642.14;Administration fédérale des contributions;4
26.09.2017;30.08.2017;Erratum - Loi fédérale régissant la taxe sur la valeur ajoutée (Loi sur la TVA, LTVA) (Ne concerne que le texte italien);RO 2017 5059;641.20;Chancellerie fédérale suisse;2
22.08.2017;17.03.2017;Loi fédérale sur l'imposition du tabac (LTab);RO 2017 4041;641.31;Administration fédérale des douanes;4
29.08.2017;25.09.2015;Loi fédérale sur le renseignement (LRens);RO 2017 4095;121;Service de renseignement de la Confédération;56
04.07.2017;12.12.2014;Loi fédérale sur la procréation médicalement assistée (LPMA);RO 2017 3641;810.11;Office fédéral de la santé publique;10
04.07.2017;04.07.2017;Erratum - Loi fédérale sur les installations à câbles transportant des personnes (Loi sur les installations à câbles, LICa);RO 2017 3671;743.01;Chancellerie fédérale suisse;2
27.06.2017;30.09.2016;Loi fédérale régissant la taxe sur la valeur ajoutée (Loi sur la TVA, LTVA);RO 2017 3575;641.20;Administration fédérale des contributions;20
27.06.2017;17.06.2016;Loi fédérale sur le travail dans les entreprises de transports publics (Loi sur la durée du travail, LDT);RO 2017 3595;822.21;Office fédéral des transports;8
09.05.2017;18.03.2016;Loi fédérale sur les médicaments et les dispositifs médicaux (Loi sur les produits thérapeutiques, LPTh);RO 2017 2745;812.21;Office fédéral de la santé publique;40
16.05.2017;16.12.2016;Loi fédérale sur la mise en œuvre du protocole au traité sur l'Antarctique, relatif à la protection de l'environnement;RO 2017 2837;198.1;Département fédéral des affaires étrangères;4
23.05.2017;17.06.2016;Loi fédérale sur l'approvisionnement économique du pays (Loi sur l'approvisionnement du pays, LAP);RO 2017 3097;531;Office fédéral pour l'approvisionnement économique du pays;24
23.05.2017;30.09.2016;Loi fédérale sur la coopération avec les Etats d'Europe de l'Est;RO 2017 3219;974.1;Direction du développement et de la coopération;8
30.05.2017;22.05.2017;Erratum - Loi sur l'organisation du gouvernement et de l'administration (LOGA);RO 2017 3259;172.010;Chancellerie fédérale suisse;2
04.04.2017;19.06.2015;Loi fédérale sur le dossier électronique du patient (LDEP);RO 2017 2201;816.1;Office fédéral de la santé publique;10
21.03.2017;30.09.2016;Loi fédérale sur les mesures de coercition à des fins d'assistance et les placements extrafamiliaux antérieurs à 1981 (LMCFA);RO 2017 753;211.223.13;Office fédéral de la justice;10
21.03.2017;30.09.2016;Loi fédérale sur l'alcool (Loi sur l'alcool);RO 2017 777;680;Régie fédérale des alcools;14
28.03.2017;30.09.2016;Loi fédérale sur les mesures d'accompagnement applicables aux travailleurs détachés et aux contrôles des salaires minimaux prévus par les contrats-types de travail (Loi sur les travailleurs détachés, LDét);RO 2017 2077;823.20;Secrétariat d'État à l'économie;4
28.03.2017;14.03.2017;Erratum - Loi fédérale sur la poursuite pour dettes et la faillite (LP) (Ne concerne que le texte italien);RO 2017 2165;281.1;Chancellerie fédérale suisse;2
07.02.2017;30.09.2016;Loi fédérale sur l'impôt anticipé (LIA);RO 2017 497;642.21;Services du Parlement;4
17.01.2017;17.01.2017;Erratum - Loi fédérale sur l'Agence suisse pour l'encouragement de l'innovation (Loi sur Innosuisse, LASEI);RO 2017 131;420.1;Secrétariat d'État à la formation, à la recherche et à l'innovation;2
24.01.2017;30.09.2016;Loi fédérale sur la coopération entre la Confédération et les cantons dans l'espace suisse de formation (Loi sur la coopération dans l'espace suisse de formation, LCESF);RO 2017 135;410.2;Secrétariat d'État à la formation, à la recherche et à l'innovation;2
24.01.2017;30.09.2016;Loi fédérale sur les écoles polytechniques fédérales (Loi sur les EPF);RO 2017 151;414.110;Secrétariat d'État à la formation, à la recherche et à l'innovation;8
24.01.2017;30.09.2016;Loi fédérale sur l'encouragement des hautes écoles et la coordination dans le domaine suisse des hautes écoles (Loi sur l'encouragement et la coordination des hautes écoles, LEHE);RO 2017 159;414.20;Secrétariat d'État à la formation, à la recherche et à l'innovation;2
24.01.2017;30.09.2016;Loi fédérale concernant l'attribution de bourses à des étudiants et artistes étrangers en Suisse;RO 2017 161;416.2;Secrétariat d'État à la formation, à la recherche et à l'innovation;2
24.01.2017;30.09.2016;Loi fédérale sur l'encouragement de la recherche et de l'innovation (LERI);RO 2017 163;420.1;Secrétariat d'État à la formation, à la recherche et à l'innovation;4
31.01.2017;20.06.2014;Loi fédérale sur les denrées alimentaires et les objets usuels (Loi sur les denrées alimentaires, LDAl);RO 2017 249;817.0;Office fédéral de la santé publique;34
06.12.2016;17.06.2016;Loi fédérale sur l'Agence suisse pour l'encouragement de l'innovation (Loi sur Innosuisse, LASEI);RO 2016 4259;420.2;Secrétariat d'État à la formation, à la recherche et à l'innovation;16
06.12.2016;18.03.2016;Loi fédérale sur l'armée et l'administration militaire (Loi sur l'armée, LAAM);RO 2016 4277;510.10;Secrétariat général DDPS;30
06.12.2016;18.03.2016;Loi fédérale sur les systèmes d'information de l'armée (LSIA);RO 2016 4307;510.91;Secrétariat général DDPS;24
06.12.2016;25.09.2015;Loi fédérale sur l'assurance-accidents (LAA);RO 2016 4375;832.20;Office fédéral de la santé publique;18
13.12.2016;18.12.2015;Loi fédérale relative à la Convention internationale pour la protection de toutes les personnes contre les disparitions forcées;RO 2016 4499;150.2;Direction du droit international public;4
13.12.2016;18.03.2016;Loi sur la signature électronique;RO 2016 4651;943.03;Office fédéral de la justice;16
20.12.2016;17.06.2016;Loi fédérale sur l'abrogation de la loi du 17 décembre 2004 sur la fiscalité de l'épargne et de la loi fédérale du 15 juin 2012 sur l'imposition internationale à la source;RO 2016 4875;641.92;Secrétariat d’État aux questions financières internationales;2
20.12.2016;25.09.2015;Loi fédérale sur l'assurance-accidents (LAA);RO 2016 4941;832.20;Office fédéral de la santé publique;6
01.11.2016;25.09.2015;Loi fédérale sur la poursuite pour dettes et la faillite (LP);RO 2016 3643;281.1;Office fédéral de la justice;4
04.10.2016;18.03.2016;Loi fédérale autorisant le Conseil fédéral à approuver des amendements à l'Accord européen du 1er juillet 1970 relatif au travail des équipages des véhicules effectuant des transports internationaux par route (AETR);RO 2016 3237;822.22;Office fédéral des routes;2
18.10.2016;18.03.2016;Loi fédérale sur l'impôt anticipé (LIA);RO 2016 3451;642.21;Administration fédérale des contributions;4
26.10.2016;19.06.2015;Loi fédérale sur les systèmes d'information de la Confédération dans le domaine du sport (LSIS);RO 2016 3541;415.1;Office fédéral du sport;14
13.09.2016;23.08.2016;Erratum - Loi fédérale sur l'armée et l'administration militaire (Loi sur l'armée, LAAM);RO 2016 3167;510.10;Chancellerie fédérale suisse;2
13.09.2016;31.08.2016;Erratum - Loi fédérale sur la compétence en matière d'assistance des personnes dans le besoin;RO 2016 3171;851.1;Chancellerie fédérale suisse;2
20.09.2016;18.03.2016;Loi fédérale sur les forêts (Loi sur les forêts, LFo);RO 2016 3207;921.0;Office fédéral de l'environnement;8
30.08.2016;26.09.2014;Loi fédérale sur le transit routier dans la région alpine (LTRA);RO 2016 2997;725.14;Office fédéral des routes;2
14.06.2016;18.12.2015;Loi sur les valeurs patrimoniales d'origine illicite, LVP;RO 2016 1803;196.1;Direction du droit international public;14
14.06.2016;25.09.2015;Loi fédérale concernant l'amélioration de l'échange d'informations entre les autorités au sujet des armes;RO 2016 1831;311.0;Office fédéral de la police;12
14.06.2016;25.09.2015;Loi sur le transport de marchandises, LTM;RO 2016 1845;742.41;Office fédéral des transports;14
14.06.2016;25.09.2015;Loi fédérale sur le service civil (LSC);RO 2016 1883;824.0;Office fédéral du service civil;14
21.06.2016;26.09.2014;Loi fédérale sur la radio et la télévision (LRTV);RO 2016 2131;784.40;Office fédéral de la communication;20
28.06.2016;17.06.2016;Loi fédérale sur l'assurance-maladie (LAMal);RO 2016 2265;832.10;Services du Parlement;2
03.05.2016;19.09.2015;Code pénal suisse et code pénal militaire (Réforme du droit des sanctions);RO 2016 1249;311.0;Office fédéral de la justice;20
10.05.2016;18.12.2015;Loi fédérale sur l'échange international automatique de renseignements en matière fiscale (LEAR);RO 2016 1297;653.1;Secrétariat d’État aux questions financières internationales;20
10.05.2016;28.04.2016;Erratum - Loi fédérale régissant la taxe sur la valeur ajoutée (Loi sur la TVA, LTVA);RO 2016 1357;641.20;Chancellerie fédérale suisse;2
10.05.2016;25.09.2015;Code pénal suisse (Dispositions pénales incriminant la corruption);RO 2016 1287;311.0;Office fédéral de la justice;4
31.05.2016;25.09.2015;Code des obligations (Droit des raisons de commerce);RO 2016 1507;220;Office fédéral de la justice;4
19.04.2016;19.06.2015;Loi fédérale sur la transplantation d'organes, de tissus et de cellules (Loi sur la transplantation);RO 2016 1163;810.21;Office fédéral de la santé publique;8
08.03.2016;20.06.2014;Loi fédérale sur la formation continue (LFCo);RO 2016 689;419.1;Secrétariat d'État à la formation, à la recherche et à l'innovation;24
15.03.2016;17.02.2016;Erratum - Loi sur l'infrastructure des marchés financiers, LIMF;RO 2016 921;961.01;Chancellerie fédérale suisse;2
22.03.2016;26.09.2014;Loi sur la consultation, LCo;RO 2016 925;172.061;Chancellerie fédérale suisse;4
22.03.2016;25.09.2015;Code civil suisse (Fondations de prévoyance en faveur du personnel);RO 2016 935;210;Services du Parlement;4
12.01.2016;12.12.2014;Loi sur les aides à la formation;RO 2016 23;416.0;Secrétariat d'État à la formation, à la recherche et à l'innovation;4
12.01.2016;12.01.2016;Erratum - Loi fédérale en matière d'assistance, LAS;RO 2016 51;851.1;Chancellerie fédérale suisse;2
02.12.14;20.06.14;Loi fédérale sur l'agrément et la surveillance des réviseurs (Loi sur la surveillance de la révision) (Concentration de la surveillance des entreprises de révision et des sociétés d'audit);RO 2014 4073;221.302;Office fédéral de la justice;20
02.12.14;30.09.11;Loi fédérale sur l'encouragement des hautes écoles et la coordination dans le domaine suisse des hautes écoles (Loi sur l'encouragement et la coordination des hautes écoles, LEHE);RO 2014 4103;414.20;Secrétariat d'État à la formation, à la recherche et à l'innovation;34
09.12.14;01.12.14;Erratum - Loi fédérale sur l'agrément et la surveillance des réviseurs (Loi sur la surveillance de la révision) (Concentration de la surveillance des entreprises de révision et des sociétés d'audit);RO 2014 4435;221.302;Chancellerie fédérale suisse;2
23.12.14;12.12.14;Loi fédérale interdisant les groupes «Al-Qaïda» et «Etat islamique» et les organisations apparentées;RO 2014 4565;122;Service de renseignement de la Confédération;2
23.12.14;21.03.14;Loi fédérale sur la diffusion de la formation suisse à l'étranger (Loi sur les écoles suisses à l'étranger, LESE);RO 2014 4595;418.0;Office fédéral de la culture;10
11.11.14;20.06.14;Loi fédérale sur la protection des biens culturels en cas de conflit armé, de catastrophe ou de situation d'urgence (LPBC);RO 2014 3545;520.3;Office fédéral de la protection de la population;10
21.10.14;21.03.14;Loi fédérale sur le renseignement civil (LFRC);RO 2014 3223;121;Service de renseignement de la Confédération;8
28.10.14;21.03.14;Loi fédérale sur la protection des eaux (LEaux);RO 2014 3327;814.20;Office fédéral de l'environnement;4
28.10.14;21.03.14;Loi fédérale sur l'assurance-maladie (LAMal);RO 2014 3345;832.10;Services du Parlement;4
16.09.14;21.03.14;Loi fédérale sur les produits de construction (LPCo);RO 2014 2867;933.0;Office fédéral des constructions et de la logistique;20
12.08.14;21.03.14;Loi fédérale sur l'assurance-maladie (LAMal) (Correction des primes);RO 2014 2463;832.10;Office fédéral de la santé publique;4
19.08.14;16.06.14;Erratum - Loi fédérale sur le principe de la transparence dans l'administration (Loi sur la transparence, LTrans) (Ne concerne que le texte italien);RO 2014 2599;152.3;Chancellerie fédérale suisse;2
08.07.14;13.12.13;Loi fédérale sur l'interdiction d'exercer une activité, l'interdiction de contact et l'interdiction géographique (Modification du code pénal, du code pénal militaire et du droit pénal des mineurs);RO 2014 2055;311.0;Office fédéral de la justice;16
22.07.14;21.03.14;Loi fédérale sur la réhabilitation des personnes placées par décision administrative;RO 2014 2293;211.223.12;Bulletin officiel;4
22.07.14;21.03.14;Loi fédérale sur l'assistance administrative internationale en matière fiscale (Loi sur l'assistance administrative fiscale, LAAF);RO 2014 2309;651.1;Secrétariat d’État aux questions financières internationales;4
03.06.14;22.03.13;Loi fédérale sur les banques et les caisses d'épargne (Loi sur les banques, LB) (Avoirs en déshérence);RO 2014 1267;952.0;Secrétariat d’État aux questions financières internationales;2
11.06.14;27.05.14;Erratum - Loi fédérale sur la circulation routière (LCR);RO 2014 1387;741.01;Chancellerie fédérale suisse;2
24.06.14;27.09.13;Loi fédérale sur la mise en œuvre de l'accord FATCA entre la Suisse et les Etats-Unis (Loi FATCA);RO 2014 1575;672.933.6;Secrétariat d’État aux questions financières internationales;8
20.05.14;27.09.13;Loi fédérale sur l'imposition des frais de formation et de perfectionnement à des fins professionnelles;RO 2014 1105;642.11;Administration fédérale des contributions;4
20.05.14;13.12.13;Loi fédérale sur la construction et le financement d'un corridor de 4 m sur les tronçons d'accès aux NLFA (Loi sur le corridor de 4 m);RO 2014 1111;742.140.4;Office fédéral des transports;4
23.04.14;15.06.12;Loi fédérale sur l'aménagement du territoire (Loi sur l'aménagement du territoire, LAT);RO 2014 899;700;Office fédéral du développement territorial;6
23.04.14;22.03.13;Loi fédérale sur l'aménagement du territoire (Loi sur l'aménagement du territoire, LAT);RO 2014 905;700;Services du Parlement;4
04.02.14;21.06.13;Loi fédérale sur l'assurance-maladie (LAMal);RO 2014 387;832.10;Services du Parlement;2
18.02.14;27.09.13;Loi fédérale sur l'encouragement de la recherche et de l'innovation (LERI);RO 2014 463;420.1;Secrétariat d'État à la formation, à la recherche et à l'innovation;2
18.02.14;27.09.13;Loi fédérale sur la réduction du bruit émis par les chemins de fer;RO 2014 469;742.144;Office fédéral des transports;4
14.01.14;13.11.13;Erratum - Loi fédérale sur l'assistance administrative internationale en matière fiscale (Loi sur l'assistance administrative fiscale, LAAF);RO 2014 155;651.1;Chancellerie fédérale suisse;2
14.01.14;13.11.13;Erratum - Loi fédérale sur la deuxième partie de la réforme des chemins de fer 2;RO 2014 157;742.101;Chancellerie fédérale suisse;2
03.12.13;21.06.13;Loi fédérale sur la poursuite pour dettes et la faillite (LP);RO 2013 4111;281.1;Office fédéral de la justice;16
03.12.13;21.06.13;Loi fédérale sur les médicaments et les dispositifs médicaux (Loi sur les produits thérapeutiques, LPTh);RO 2013 4137;812.21;Services du Parlement;2
10.12.13;14.12.12;Loi sur l'asile (LAsi);RO 2013 4375;142.31;Secrétariat d'État aux migrations;20
10.12.13;14.12.12;Loi fédérale sur l'encouragement de la recherche et de l'innovation (LERI);RO 2013 4425;420.1;Secrétariat d'État à l'éducation et à la recherche;28
10.12.13;21.06.13;Loi sur l'énergie (LEne);RO 2013 4505;730.0;Services du Parlement;6
17.12.13;28.09.12;Loi sur l'organisation du gouvernement et de l'administration (LOGA);RO 2013 4549;172.010;Office fédéral de la justice;4
27.12.13;10.12.13;Erratum - Loi fédérale sur la circulation routière (LCR) (Ne concerne que les textes allemand et italien);RO 2013 5577;741.01;Chancellerie fédérale suisse;2
19.11.13;21.06.13;Loi sur l'Assemblée fédérale (Loi sur le Parlement, LParl) (Amélioration de l'organisation et des procédures du Parlement);RO 2013 3687;171.10;Bulletin officiel;6
27.11.13;14.12.12;Loi fédérale sur le travail dans l'industrie, l'artisanat et le commerce (Loi sur le travail, LTr);RO 2013 4081;822.11;Services du Parlement;2
01.10.13;30.09.11;Loi fédérale relative à la recherche sur l'être humain (Loi relative à la recherche sur l'être humain, LRH);RO 2013 3215;810.30;Office fédéral de la santé publique;26
01.10.13;22.03.13;Loi fédérale sur la protection de l'environnement (Loi sur la protection de l'environnement, LPE);RO 2013 3241;814.01;Office fédéral de l'environnement;2
15.10.13;24.09.14;Erratum - Loi fédérale sur l'aviation (LA) (Ne concerne que le texte italien);RO 2013 3323;748.0;Chancellerie fédérale suisse;2
22.10.13;22.03.13;Loi fédérale sur l'agriculture (Loi sur l'agriculture, LAgr);RO 2013 3463;910.1;Office fédéral de l'agriculture;28
22.10.13;21.06.13;Loi fédérale concernant la lutte contre le blanchiment d'argent et le financement du terrorisme dans le secteur financier (Loi sur le blanchiment d'argent, LBA);RO 2013 3493;955.0;Office fédéral de la police;4
29.10.13;21.06.13;Loi fédérale régissant la taxe sur la valeur ajoutée (Loi sur la TVA, LTVA);RO 2013 3505;641.20;Services du Parlement;2
29.10.13;21.06.13;Loi fédérale sur l'assurance-chômage obligatoire et l'indemnité en cas d'insolvabilité (Loi sur l'assurance-chômage, LACI);RO 2013 3519;837.0;Secrétariat d'État à l'économie;2
24.09.13;16.03.12;Loi fédérale sur la circulation des espèces de faune et de flore protégées (Loi sur les espèces protégées, LCITES);RO 2013 3095;453;Office vétérinaire fédéral;16
20.08.13;22.03.13;Loi fédérale sur l'encouragement de la recherche et de l'innovation (LERI);RO 2013 2639;420.1;Secrétariat d'État à l'éducation et à la recherche;2
02.07.13;21.06.13;Loi fédérale sur l'assurance-maladie (LAMal) (Réintroduction temporaire de l'admission selon le besoin);RO 2013 2065;832.10;Office fédéral de la santé publique;2
09.07.13;14.12.12;Loi fédérale sur les mesures d'accompagnement applicables aux travailleurs détachés et aux contrôles des salaires minimaux prévus par les contrats-types de travail (Loi sur les travailleurs détachés, LDét);RO 2013 2121;823.20;Chancellerie fédérale suisse;2
16.07.13;30.09.11;Loi fédérale sur les aides financières aux organisations de cautionnement en faveur des petites et moyennes entreprises;RO 2013 2283;951.25;Secrétariat d'État à l'économie;2
23.07.13;22.03.13;Loi fédérale sur la navigation maritime sous pavillon suisse;RO 2013 2323;747.30;Département fédéral des affaires étrangères;2
23.07.13;22.03.13;Loi fédérale sur la protection des eaux (LEaux);RO 2013 2339;814.20;Services du Parlement;2
30.07.13;22.03.13;Loi fédérale relative à la coopération avec les tribunaux internationaux chargés de poursuivre les violations graves du droit international humanitaire;RO 2013 2393;351.20;Office fédéral de la justice;2
30.07.13;22.03.13;Loi fédérale sur la mise à jour formelle du calcul dans le temps de l'impôt direct dû par les personnes physiques;RO 2013 2397;642.11;Administration fédérale des contributions;10
30.07.13;14.12.12;Loi fédérale portant sur l'obligation des prestataires de services de déclarer leurs qualifications professionnelles dans le cadre des professions réglementées et sur la vérification de ces qualifications (LPPS);RO 2013 2417;935.01;Secrétariat d'État à la formation, à la recherche et à l'innovation;4
04.06.13;14.12.12;Loi sur le personnel de la Confédération (LPers);RO 2013 1493;172.220.1;Office fédéral du personnel;18
25.06.13;16.03.12;Loi fédérale sur les forêts (Loi sur les forêts, LFo);RO 2013 1981;921.0;Services du Parlement;2
22.05.13;14.12.12;Loi fédérale sur l'impôt fédéral direct (LIFD);RO 2013 1345;642.11;Administration fédérale des contributions;2
28.05.13;28.09.12;Loi fédérale sur les stupéfiants et les substances psychotropes (Loi sur les stupéfiants, LStup);RO 2013 1451;812.121;Services du Parlement;4
04.04.13;20.02.13;Erratum - Loi fédérale sur les stupéfiants et les substances psychotropes (Loi sur les stupéfiants, LStup);RO 2013 973;812.121;Chancellerie fédérale suisse;2
04.04.13;25.03.13;Errata - Loi fédérale sur les professions relevant du domaine de la psychologie (Loi sur les professions de la psychologie, LPsy);RO 2013 975;935.81;Chancellerie fédérale suisse;2
16.04.13;15.06.12;Loi fédérale concernant les mesures de lutte contre les mariages forcés;RO 2013 1035;142.20;Office fédéral de la justice;6
16.04.13;14.12.12;Loi fédérale sur l'investigation secrète et les recherches secrètes (Modification du code de procédure pénale et de la procédure pénale militaire);RO 2013 1051;312.0;Bulletin officiel;6
23.04.13;28.09.12;Loi fédérale sur les bourses et le commerce des valeurs mobilières (Loi sur les bourses, LBVM);RO 2013 1103;954.1;Secrétariat général DFF;8
12.03.13;28.09.12;Loi fédérale sur l'imposition d'après la dépense;RO 2013 779;642.11;Administration fédérale des contributions;4
12.03.13;20.02.13;Erratum - Loi fédérale sur l'assurance-chômage obligatoire et l'indemnité en cas d'insolvabilité (Loi sur l'assurance-chômage, LACI) (Ne concerne que le texte italien);RO 2013 809;641.20;Chancellerie fédérale suisse;2
26.03.13;28.09.12;Loi fédérale sur l'adaptation de dispositions de procédure relatives au secret professionnel des avocats;RO 2013 847;152.1;Office fédéral de la justice;4
26.03.13;16.03.12;Loi sur les épizooties (LFE);RO 2013 907;916.40;Office vétérinaire fédéral;8
05.02.13;28.09.12;Loi fédérale sur le soutien des associations faîtières de la formation continue;RO 2013 385;412.11;Secrétariat d'État à l'éducation et à la recherche;4
05.02.13;28.09.12;Loi fédérale sur les écoles polytechniques fédérales (Loi sur les EPF);RO 2013 389;414.110;Secrétariat d'État à l'éducation et à la recherche;4
12.02.13;17.12.10;Loi fédérale sur les guides de montagne et les organisateurs d'autres activités à risque;RO 2013 441;935.91;Office fédéral du sport;6
19.02.13;28.09.12;Loi fédérale concernant l'attribution de bourses à des étudiants et artistes étrangers en Suisse;RO 2013 547;416.2;Secrétariat d'État à l'éducation et à la recherche;2
19.02.13;28.09.12;Loi fédérale sur les placements collectifs de capitaux (Loi sur les placements collectifs, LPCC);RO 2013 585;951.31;Secrétariat général DFF;22
15.01.13;15.06.12;Loi fédérale sur l'imposition internationale à la source (LISint);RO 2013 27;672.4;Secrétariat d’État aux questions financières internationales;18
22.01.13;28.09.12;Loi fédérale relative aux contributions en faveur de projets communs de la Confédération et des cantons en vue du pilotage de l'espace suisse de formation;RO 2013 215;410.1;Secrétariat d'État à l'éducation et à la recherche;2
22.01.13;28.09.12;Loi fédérale sur l'assistance administrative internationale en matière fiscale (Loi sur l'assistance administrative fiscale, LAAF);RO 2013 231;651.1;Secrétariat d’État aux questions financières internationales;14
29.01.13;28.09.12;Loi fédérale relative à la coopération internationale en matière d'éducation, de formation professionnelle, de jeunesse et de mobilité;RO 2013 293;414.51;Secrétariat d'État à l'éducation et à la recherche;2
29.01.13;16.03.12;Loi fédérale sur le matériel de guerre (LFMG);RO 2013 295;514.51;Direction du droit international public;6
11.12.12;23.12.11;Code des obligations (Droit comptable);RO 2012 6703;220;Office fédéral de la justice;24
11.12.12;15.06.12;Loi fédérale portant modification des mesures d'accompagnement à la libre circulation des personnes;RO 2012 6709;221.215.311;Secrétariat d'État à l'économie;6
11.12.12;23.12.11;Loi fédérale sur la protection extraprocédurale des témoins (Ltém);RO 2012 6715;312.2;Office fédéral de la police;16
18.12.12;23.12.11;Loi fédérale sur la réduction des émissions de CO2 (Loi sur le CO2);RO 2012 6989;641.71;Office fédéral de l'environnement;16
28.12.12;14.12.12;Loi sur les épidémies (Approvisionnement de la population en produits thérapeutiques);RO 2012 7281;818.101;Office fédéral de la santé publique;2
28.12.12;13.12.12;Errata - Code civil (Protection de l'adulte, droit des personnes et droit de la filiation);RO 2012 7501;311.0;Chancellerie fédérale suisse;2
28.12.12;03.12.12;Erratum - Loi fédérale sur les placements collectifs de capitaux (Loi sur les placements collectifs, LPCC);RO 2012 7503;641.10;Chancellerie fédérale suisse;2
13.11.12;15.06.12;Loi fédérale portant mise en œuvre de l'art. 123b de la Constitution concernant l'imprescriptibilité des actes d'ordre sexuel ou pornographique commis sur des enfants impubères (Modification du code pénal, du code pénal militaire et du droit pénal des mineurs);RO 2012 5951;311.0;Office fédéral de la justice;4
13.11.12;30.09.11;Loi fédérale sur l'encouragement des activités extrascolaires des enfants et des jeunes (Loi sur l'encouragement de l'enfance et de la jeunesse, LEEJ);RO 2012 5959;446.1;Office fédéral des assurances sociales;8
13.11.12;15.06.12;Loi fédérale sur les simplifications de l'imposition des gains faits dans les loteries;RO 2012 5977;642.11;Services du Parlement;4
13.11.12;15.06.12;Loi fédérale sur l'impôt anticipé (LIA);RO 2012 5981;642.21;Administration fédérale des contributions;2
13.11.12;01.10.10;Loi fédérale sur les ouvrages d'accumulation (LOA);RO 2012 5985;721.101;Office fédéral de l'énergie;10
20.11.12;17.06.11;Loi fédérale sur la métrologie (LMétr);RO 2012 6235;941.20;Institut fédéral de métrologie;8
27.11.12;15.06.12;Loi fédérale sur la protection des animaux (LPA);RO 2012 6279;455;Office vétérinaire fédéral;10
27.11.12;15.06.12;Loi fédérale sur la circulation routière (LCR);RO 2012 6291;741.01;Office fédéral des routes;30
09.10.12;28.09.12;Loi sur l'asile (LAsi);RO 2012 5359;142.31;Secrétariat d'État aux migrations;6
16.10.12;16.03.12;Code des obligations (Délais de prescription de la garantie pour défauts dans le contrat de vente et le contrat d'entreprise. Prolongation et coordination);RO 2012 5415;220;Services du Parlement;4
23.10.12;23.12.11;Loi fédérale sur l'aménagement du territoire (Loi sur l'aménagement du territoire, LAT);RO 2012 5535;700;Services du Parlement;2
23.10.12;15.06.12;Loi fédérale sur l'assurance-invalidité (LAI) (6e révision de l'AI, deuxième volet: prise en charge des traitements stationnaires hospitaliers);RO 2012 5559;831.20;Chancellerie fédérale suisse;2
30.10.12;16.03.12;Loi fédérale sur la deuxième partie de la réforme des chemins de fer 2;RO 2012 5619;151.3;Office fédéral des transports;28
30.10.12;16.03.12;Loi fédérale sur l'augmentation de l'âge maximal des juges du Tribunal pénal fédéral, du Tribunal administratif fédéral et du Tribunal fédéral des brevets;RO 2012 5647;173.32;Bulletin officiel;2
04.09.12;23.12.11;Loi fédérale sur les armes, les accessoires d'armes et les munitions (Loi sur les armes, LArm);RO 2012 4551;514.54;Office fédéral de la police;4
11.09.12;29.08.12;Erratum - Loi fédérale sur la fusion, la scission, la transformation et le transfert de patrimoine (Loi sur la fusion, LFus) (Ne concerne que le texte italien);RO 2012 4617;221.301;Chancellerie fédérale suisse;2
18.09.12;17.06.11;Loi fédérale sur les systèmes d'information de la Confédération dans le domaine du sport (LSIS);RO 2012 4639;415.1;Office fédéral du sport;6
25.09.12;17.12.10;Loi sur la poste (LPO);RO 2012 4993;783.0;Secrétariat général DETEC;16
25.09.12;17.12.10;Loi fédérale sur l'organisation de La Poste Suisse (Loi sur l'organisation de la Poste, LOP);RO 2012 5043;783.1;Secrétariat général DETEC;8
28.08.12;28.08.12;Erratum - Loi fédérale sur l'harmonisation des impôts directs des cantons et des communes (LHID) (Ne concerne que le texte italien);RO 2012 4549;642.14;Chancellerie fédérale suisse;2
03.07.12;03.07.12;Erratum - Loi fédérale sur les médicaments et les dispositifs médicaux (Loi sur les produits thérapeutiques, LPTh) (Ne concerne que le texte italien);RO 2012 3743;812.21;Chancellerie fédérale suisse;2
10.07.12;23.12.11;Loi fédérale instituant des mesures visant au maintien de la sûreté intérieure (LMSI);RO 2012 3745;120;Service de renseignement de la Confédération;20
24.07.12;17.06.11;Loi fédérale sur l'encouragement du sport et de l'activité physique (Loi sur l'encouragement du sport, LESp);RO 2012 3953;415.0;Office fédéral du sport;14
31.07.12;23.12.11;Loi fédérale sur l'assurance-maladie (LAMal);RO 2012 4085;832.10;Services du Parlement;2
31.07.12;23.12.11;Loi fédérale sur l'assurance-maladie (LAMal);RO 2012 4087;832.10;Services du Parlement;2
05.06.12;23.12.11;Loi sur la statistique fédérale (LSF) (Participation aux relevés statistiques de la Confédération);RO 2012 3131;431.01;Bulletin officiel;2
05.06.12;22.05.12;Erratum - Code civil (Nom et droit de cité);RO 2012 3227;210;Chancellerie fédérale suisse;2
12.06.12;23.12.11;Loi fédérale modifiant la loi sur l'utilisation des forces hydrauliques et la loi sur l'approvisionnement en électricité;RO 2012 3229;721.80;Services du Parlement;2
12.06.12;23.12.11;Loi sur l'énergie (LEne);RO 2012 3231;730.0;Office fédéral de l'énergie;2
12.06.12;12.06.12;Erratum - Loi fédérale sur l'information des consommatrices et des consommateurs (LIC) (Ne concerne que le texte italien);RO 2012 3409;944.0;Chancellerie fédérale suisse;2
01.05.12;13.04.12;Errata - Loi fédérale sur la protection de l'environnement (Loi sur la protection de l'environnement, LPE);RO 2012 2389;814.01;Chancellerie fédérale suisse;2
15.05.12;30.09.11;Code civil suisse (Nom et droit de cité);RO 2012 2569;210;Services du Parlement;6
15.05.12;30.09.11;Code pénal suisse;RO 2012 2575;311.0;Services du Parlement;4
30.05.12;07.05.12;Erratum - Loi fédérale sur l'assurance-invalidité (LAI) (6e révision de l'AI, premier volet);RO 2012 3129;831.20;Chancellerie fédérale suisse;2
24.04.12;18.03.11;Loi fédérale sur les professions relevant du domaine de la psychologie (Loi sur les professions de la psychologie, LPsy);RO 2012 1929;935.81;Office fédéral de la santé publique;16
06.03.12;14.02.12;Erratum - Loi fédérale sur les installations de transport par conduites de combustibles ou carburants liquides ou gazeux (Loi sur les installations de transport par conduites, LITC);RO 2012 937;746.1;Chancellerie fédérale suisse;2
13.03.12;01.10.10;Loi sur l'organisation du gouvernement et de l'administration (LOGA) (Protection des données lors de l'utilisation de l'infrastructure électronique);RO 2012 941;172.010;Office fédéral de la justice;6
20.03.12;17.06.11;Loi fédérale relative aux contributions en faveur de projets communs de la Confédération et des cantons en vue du pilotage de l'espace suisse de formation;RO 2012 1187;410.1;Secrétariat d'État à l'éducation et à la recherche;2
27.03.12;16.03.12;Loi fédérale sur le soutien des associations faîtières du domaine de la formation continue;RO 2012 1469;412.11;Secrétariat d'État à la formation, à la recherche et à l'innovation;4
21.02.12;30.09.11;"Loi fédérale sur les banques et les caisses d'épargne (Loi sur les banques, LB) (Renforcement de la stabilité dans le secteur financier; too big to fail)";RO 2012 811;952.0;Secrétariat d’État aux questions financières internationales;10
04.01.12;21.11.11;Erratum - Loi fédérale sur la protection de la population et sur la protection civile (LPPCi);RO 2012 335;520.1;Chancellerie fédérale suisse;2
10.01.12;18.03.11;Loi fédérale sur la réduction des émissions de CO2 (Loi sur le CO2);RO 2012 351;641.71;Office fédéral des routes;4
10.01.12;28.11.11;Erratum - Loi fédérale sur la poursuite pour dettes et la faillite (LP) (Ne concerne que le texte italien);RO 2012 399;281.1;Chancellerie fédérale suisse;2
31.01.12;17.06.11;Loi fédérale sur l'exonération de la solde allouée pour le service du feu;RO 2012 489;642.11;Administration fédérale des contributions;4
31.01.12;30.09.11;Loi fédérale abrogeant l'arrêté fédéral tendant à encourager le travail à domicile;RO 2012 493;822.32;Chancellerie fédérale suisse;2
31.01.12;30.09.11;Loi fédérale sur l'assurance-chômage obligatoire et l'indemnité en cas d'insolvabilité (Loi sur l'assurance-chômage, LACI);RO 2012 495;837.0;Services du Parlement;2
31.01.12;30.09.11;Loi fédérale encourageant l'innovation, la coopération et la professionnalisation dans le domaine du tourisme;RO 2012 501;935.22;Secrétariat d'État à l'économie;4
31.01.12;30.09.11;Loi fédérale sur l'extension provisoire des prestations de l'Assurance suisse contre les risques à l'exportation;RO 2012 509;946.11;Secrétariat d'État à l'économie;2
06.12.11;17.06.11;Loi fédérale sur l'optimisation de la gestion des données du personnel de la Confédération et des placements de PUBLICA;RO 2011 5583;172.220.1;Administration fédérale des finances;6
06.12.11;17.06.11;Loi fédérale sur la péréquation financière et la compensation des charges (PFCC);RO 2011 5633;613.2;Administration fédérale des finances;2
06.12.11;18.03.11;Loi fédérale sur l'assurance-invalidité (LAI) (6e révision de l'AI, premier volet);RO 2011 5659;831.20;Office fédéral des assurances sociales;20
13.12.11;17.12.10;Loi fédérale relative à la participation de l'Assemblée fédérale au pilotage des entités devenues autonomes;RO 2011 5859;171.10;Secrétariat de la surveillance parlementaire sur les finances et le transit alpin;4
13.12.11;17.06.11;Code des obligations (Droit de la révision);RO 2011 5863;220;Services du Parlement;2
13.12.11;17.06.11;Loi fédérale sur l'aide aux universités et la coopération dans le domaine des hautes écoles (Loi sur l'aide aux universités, LAU);RO 2011 5871;414.20;Secrétariat d'État à l'éducation et à la recherche;2
13.12.11;17.06.11;Loi fédérale sur la protection de la population et sur la protection civile (LPPCi);RO 2011 5891;520.1;Office fédéral de la protection de la population;12
13.12.11;23.11.11;Erratum - Code pénal militaire (CPM);RO 2011 6073;321.0;Chancellerie fédérale suisse;2
20.12.11;11.12.09;Loi fédérale sur l'encouragement de la culture (Loi sur l'encouragement de la culture, LEC);RO 2011 6127;442.1;Office fédéral de la culture;16
28.12.11;17.06.11;Loi sur l'Institut fédéral de métrologie (LIFM);RO 2011 6515;941.27;Institut fédéral de métrologie;10
01.11.11;17.06.11;Loi sur l'Assemblée fédérale (Loi sur le Parlement, LParl) (Examen des requêtes visant à lever l'immunité);RO 2011 4627;171.10;Bulletin officiel;6
01.11.11;11.12.09;Code civil suisse (Cédule hypothécaire de registre et autres modifications des droits réels);RO 2011 4637;210;Office fédéral de la justice;22
01.11.11;17.06.11;Loi fédérale sur l'assurance-vieillesse et survivants (LAVS) (Amélioration de la mise en œuvre);RO 2011 4745;831.10;Office fédéral des assurances sociales;14
08.11.11;17.06.11;Loi fédérale sur la reconnaissance d'accords entre institutions privées destinés à éviter les doubles impositions en matière d'impôts sur le revenu et sur la fortune;RO 2011 4797;672.3;Administration fédérale des contributions;2
08.11.11;17.06.11;Loi fédérale sur les écoles polytechniques fédérales (Loi sur les EPF);RO 2011 4789;414.110;Secrétariat d'État à l'éducation et à la recherche;2
15.11.11;17.06.11;Loi fédérale contre la concurrence déloyale (LCD);RO 2011 4909;241;Secrétariat d'État à l'économie;4
15.11.11;01.10.10;Loi fédérale sur la circulation routière (LCR);RO 2011 4925;741.01;Bulletin officiel;4
22.11.11;17.06.11;Loi fédérale sur les documents d'identité des ressortissants suisses (Loi sur les documents d'identité, LDI) (Demande de cartes d'identité non biométriques auprès de la commune de domicile);RO 2011 5003;143.1;Bulletin officiel;2
22.11.11;18.03.11;Loi fédérale sur les Chemins de fer fédéraux (LCFF);RO 2011 5031;742.31;Administration fédérale des finances;4
04.10.11;19.09.11;Errata - Code de procédure pénale suisse (Code de procédure pénale, CPP);RO 2011 4487;312.0;Chancellerie fédérale suisse;2
11.10.11;30.09.11;Loi fédérale sur les mesures visant à atténuer les effets du franc fort et à améliorer la compétitivité;RO 2011 4497;420.1;Secrétariat d'État à l'économie;4
18.10.11;17.06.11;Loi sur l'Assemblée fédérale (Loi sur le Parlement, LParl) (Précision du droit à l'information des commissions de surveillance);RO 2011 4537;171.10;Bulletin officiel;4
18.10.11;18.10.11;Erratum concernant une publication - Loi fédérale sur les mesures visant à atténuer les effets du franc fort et à améliorer la compétitivité;RO 2011 4565;420.1;Services du Parlement;2
06.09.11;18.06.10;Loi fédérale sur les organes de sécurité des entreprises de transports publics (LOST);RO 2011 3961;745.2;Services du Parlement;6
06.09.11;18.03.11;Loi fédérale sur les allocations familiales (Loi sur les allocations familiales, LAFam);RO 2011 3973;836.2;Services du Parlement;4
13.09.11;19.03.10;Loi fédérale concernant la redevance pour l'utilisation des routes nationales (Loi sur la vignette autoroutière, LVA);RO 2011 4105;741.71;Administration fédérale des douanes;6
30.08.11;18.03.11;Loi fédérale sur les banques et les caisses d'épargne (Loi sur les banques, LB) (Garantie des dépôts);RO 2011 3919;952.0;Secrétariat d’État aux questions financières internationales;12
12.07.11;17.12.10;Loi fédérale sur l'imposition des participations de collaborateur;RO 2011 3259;642.11;Administration fédérale des contributions;8
12.07.11;17.12.10;Loi fédérale sur la circulation routière (LCR);RO 2011 3267;741.01;Bulletin officiel;2
19.07.11;17.12.10;Loi fédérale sur la prévoyance professionnelle vieillesse, survivants et invalidité (LPP) (Financement des institutions de prévoyance de corporations de droit public);RO 2011 3385;831.40;Office fédéral des assurances sociales;8
19.07.11;19.03.10;Loi fédérale sur la prévoyance professionnelle vieillesse, survivants et invalidité (LPP) (Réforme structurelle);RO 2011 3393;831.40;Office fédéral des assurances sociales;14
26.07.11;18.03.11;Loi fédérale concernant l'utilisation de l'impôt sur les huiles minérales à affectation obligatoire (LUMin);RO 2011 3467;725.116.2;Office fédéral de l'aviation civile;6
26.07.11;19.03.10;Loi fédérale sur l'assurance-maladie (LAMal);RO 2011 3523;832.10;Services du Parlement;4
15.06.11;15.06.11;Erratum - Loi fédérale régissant la taxe sur la valeur ajoutée (Loi sur la TVA, LTVA) (Ne concerne que le texte italien);RO 2011 2423;641.20;Chancellerie fédérale suisse;2
28.06.11;17.12.10;Loi fédérale sur l'aménagement du territoire (Loi sur l'aménagement du territoire, LAT);RO 2011 2913;700;Office fédéral du développement territorial;2
28.06.11;21.10.10;Erratum - Loi fédérale sur les stupéfiants et les substances psychotropes (Loi sur les stupéfiants, LStup);RO 2011 3147;812.121;Chancellerie fédérale suisse;2
10.05.11;17.12.10;Loi fédérale sur l'achat de marchandises dans les boutiques hors taxes des aéroports;RO 2011 1743;631.0;Administration fédérale des douanes;4
10.05.11;01.10.10;Loi fédérale sur le fonds d'infrastructure pour le trafic d'agglomération, le réseau des routes nationales de même que pour les routes principales dans les régions de montagne et les régions périphériques (Loi sur le fonds d'infrastructure, LFInfr);RO 2011 1753;725.13;Bulletin officiel;2
31.05.11;20.03.09;Loi sur les conseils en brevets (LCBr);RO 2011 2259;935.62;Institut Fédéral de la Propriété Intellectuelle;10
19.04.11;17.12.10;Loi fédérale sur la sauvegarde de la démocratie, de l'Etat de droit et de la capacité d'action dans les situations extraordinaires;RO 2011 1381;171.10;Bulletin officiel;4
19.04.11;17.12.10;Loi sur les Chemins de fer fédéraux (LCFF);RO 2011 1389;742.31;Office fédéral des transports;2
01.03.11;19.12.08;Code civil suisse (Protection de l'adulte, droit des personnes et droit de la filiation);RO 2011 725;210;Office fédéral de la justice;58
15.03.11;01.10.10;Loi fédérale sur la coordination entre la procédure d'asile et la procédure d'extradition;RO 2011 925;142.31;Office fédéral de la justice;4
22.03.11;01.10.10;Loi fédérale sur l'aviation (Loi sur l'aviation, LA);RO 2011 1119;748.0;Office fédéral de l'aviation civile;20
22.03.11;19.03.10;Loi fédérale sur l'assurance-chômage obligatoire et l'indemnité en cas d'insolvabilité (Loi sur l'assurance-chômage, LACI);RO 2011 1167;837.0;Secrétariat d'État à l'économie;12
01.02.11;25.09.09;Loi fédérale sur l'acquisition et la perte de la nationalité suisse (Loi sur la nationalité, LN) (Prolongation du délai d'annulation de la naturalisation);RO 2011 347;141.0;Bulletin officiel;2
01.02.11;01.10.10;Loi fédérale sur l'organisation des autorités pénales de la Confédération (Loi sur l'organisation des autorités pénales, LOAP);RO 2011 349;173.71;Services du Parlement;2
01.02.11;01.02.11;Erratum - Loi fédérale sur l'armée et l'administration militaire (Loi sur l'armée, LAAM);RO 2011 487;311.0;Chancellerie fédérale suisse;2
04.01.11;18.06.10;Loi fédérale sur la réduction des émissions de CO2 (Loi sur le CO2);RO 2011 13;641.71;Office fédéral de l'environnement;4
11.01.11;18.06.10;Loi fédérale portant sur l'adaptation de dispositions relatives à la saisie de données dans le domaine migratoire;RO 2011 95;142.20;Secrétariat d'État aux migrations;4
25.01.11;01.10.10;Loi fédérale sur la restitution des valeurs patrimoniales d'origine illicite de personnes politiquement exposées (Loi sur la restitution des avoirs illicites, LRAI);RO 2011 275;196.1;Département fédéral des affaires étrangères;8
25.01.11;01.10.10;Loi fédérale sur les aides financières à l'accueil extra-familial pour enfants;RO 2011 307;861;Office fédéral des assurances sociales;4
14.12.10;18.06.10;Loi fédérale sur les étrangers (LEtr) (Contrôle automatisé aux frontières, conseillers en matière de documents, système d'information MIDES);RO 2010 5755;142.20;Secrétariat d'État aux migrations;6
14.12.10;18.06.10;Loi fédérale sur l'agriculture (Loi sur l'agriculture, LAgr);RO 2010 5851;910.1;Office fédéral de l'agriculture;2
21.12.10;18.06.10;Loi fédérale sur les étrangers (LEtr) (Faciliter l'admission des étrangers diplômés d'une haute école suisse);RO 2010 5957;142.20;Bulletin officiel;2
21.12.10;19.03.10;Loi fédérale sur l'armée et l'administration militaire (LAAM);RO 2010 6015;510.10;Secrétariat général DDPS;20
21.12.10;26.10.10;Erratum - Loi sur l'Assemblée fédérale (Loi sur le Parlement, LParl);RO 2010 6385;171.10;Chancellerie fédérale suisse;2
28.12.10;17.12.10;Loi fédérale sur les banques et les caisses d'épargne (Loi sur les banques, LB) (Renforcement de la protection des déposants);RO 2010 6405;952.0;Secrétariat d’État aux questions financières internationales;2
28.12.10;20.12.10;Erratum - Loi sur le Tribunal fédéral des brevets (LTFB);RO 2010 6413;173.41;Chancellerie fédérale suisse;2
02.11.10;18.06.10;Loi fédérale sur la poursuite pour dettes et la faillite (LP);RO 2010 4921;281.1;Services du Parlement;2
09.11.10;18.06.10;Loi fédérale portant modification de lois fédérales en vue de la mise en œuvre du Statut de Rome de la Cour pénale internationale;RO 2010 4963;311.0;Office fédéral de la justice;26
09.11.10;18.06.10;Loi fédérale sur le numéro d'identification des entreprises (LIDE);RO 2010 4989;431.03;Office fédéral de la statistique;10
09.11.10;18.06.10;Loi fédérale portant modification de l'arrêté fédéral accordant une aide financière en faveur de la sauvegarde et de la gestion de paysages ruraux traditionnels;RO 2010 4999;451.51;Services du Parlement;2
09.11.10;18.06.10;Loi sur les finances de la Confédération (Loi sur les finances, LFC);RO 2010 5003;611.0;Administration fédérale des finances;8
16.11.10;18.06.10;Loi fédérale modifiant la loi fédérale sur l'utilisation des forces hydrauliques et la loi sur l'énergie;RO 2010 5061;721.80;Services du Parlement;4
16.11.10;18.06.10;Loi sur l'énergie (LEne);RO 2010 5065;730.0;Office fédéral de l'énergie;2
05.10.10;11.12.09;Loi fédérale sur la protection des eaux (LEaux) (Renaturation);RO 2010 4285;814.20;Services du Parlement;8
05.10.10;11.12.09;Loi fédérale sur la prévoyance professionnelle vieillesse, survivants et invalidité (LPP) (Mesures destinées à faciliter la participation des travailleurs âgés au marché de l'emploi);RO 2010 4427;831.40;Office fédéral des assurances sociales;4
12.10.10;18.06.10;Loi fédérale sur les allocations familiales (Loi sur les allocations familiales, LAFam);RO 2010 4491;836.2;Office fédéral des assurances sociales;4
07.09.10;13.06.08;Loi fédérale sur l'assainissement de l'assurance-invalidité;RO 2010 3835;831.27;Chancellerie fédérale suisse;4
07.09.10;19.03.10;Loi fédérale sur l'assainissement de l'assurance-invalidité;RO 2010 3839;831.27;Services du Parlement;2
03.08.10;19.03.10;Loi fédérale portant mise en œuvre de la décision-cadre 2008/977/JAI relative à la protection des données à caractère personnel traitées dans le cadre de la coopération policière et judiciaire en matière pénale;RO 2010 3387;142.20;Chancellerie fédérale suisse;12
24.08.10;02.08.10;Erratum - Loi sur le transport de voyageurs (LTV);RO 2010 3621;745.1;Services du Parlement;2
13.07.10;;Code civil (CC) (Empêcher les mariages en cas de séjour irrégulier);RO 2010 3057;210;Bulletin officiel;
20.07.10;19.03.10;Loi fédérale sur l'application du génie génétique au domaine non humain (Loi sur le génie génétique, LGG);RO 2010 3233;814.91;Office fédéral de l'environnement;6
27.07.10;19.03.10;Loi fédérale sur l'organisation des autorités pénales de la Confédération (Loi sur l'organisation des autorités pénales, LOAP);RO 2010 3267;173.71;Office fédéral de la justice;34
27.07.10;19.03.10;Loi fédérale sur les droits de timbre (LT);RO 2010 3317;641.10;Services du Parlement;2
15.06.10;12.06.09;Loi fédérale sur la sécurité des produits (LSPro);RO 2010 2573;930.11;Secrétariat général DEFR;10
15.06.10;12.06.09;Loi fédérale sur les entraves techniques au commerce (LETC);RO 2010 2617;946.51;Secrétariat d'État à l'économie;14
29.06.10;11.12.09;Loi fédérale sur les armes, les accessoires d'armes et les munitions (Loi sur les armes, LArm) (Adaptation de la mise en œuvre de l'acquis de Schengen);RO 2010 2823;514.54;Office fédéral de la police;4
29.06.10;26.05.10;Errata - Loi fédérale sur l'assurance militaire (LAM) (Ne concerne que le texte italien);RO 2010 2943;833.1;Chancellerie fédérale suisse;2
11.05.10;19.12.08;Code de procédure civile (CPC);RO 2010 1739;272;Office fédéral de la justice;122
13.04.10;13.04.10;Erratum - Loi fédérale régissant la taxe sur la valeur ajoutée (Loi sur la TVA, LTVA) (Ne concerne que le texte italien);RO 2010 1469;641.20;Chancellerie fédérale suisse;2
27.04.10;20.03.09;Loi fédérale sur la procédure pénale applicable aux mineurs (Procédure pénale applicable aux mineurs, PPMin);RO 2010 1573;312.1;Office fédéral de la justice;20
27.04.10;16.04.10;Erratum - Loi fédérale sur le nouveau régime de financement des soins;RO 2010 1643;831.10;Commission de rédaction de l'Assemblée fédérale;2
23.03.10;12.06.09;Loi fédérale sur la réduction des émissions de CO2 (Loi sur le CO2) (Mesures incitatives visant à encourager les économies d'énergie dans le bâtiment);RO 2010 951;641.71;Services du Parlement;2
02.02.10;12.06.09;Loi fédérale sur la déductibilité des versements en faveur de partis politiques;RO 2010 449;642.11;Bulletin officiel;4
02.02.10;25.09.09;Loi fédérale sur l'impôt fédéral direct (LIFD);RO 2010 453;642.11;Administration fédérale des contributions;2
02.02.10;25.09.09;Loi fédérale sur les allégements fiscaux en faveur des familles avec enfants;RO 2010 455;642.11;Administration fédérale des contributions;4
09.02.10;20.03.09;Loi sur le Tribunal fédéral des brevets (LTFB);RO 2010 513;173.41;Institut Fédéral de la Propriété Intellectuelle;16
23.02.10;25.09.09;Loi fédérale sur l'encouragement de la recherche et de l'innovation;RO 2010 651;420.1;Secrétariat d'État à la formation, à la recherche et à l'innovation;8
26.01.10;25.09.09;Loi fédérale sur les droits politiques (Retrait conditionnel d'une initiative populaire);RO 2010 271;161.1;Bulletin officiel;4
26.01.10;25.09.09;Loi fédérale sur la radio et la télévision (LRTV);RO 2010 371;784.40;Office fédéral de la culture;2
26.01.10;25.09.09;Code civil (Délai de réflexion dans la procédure de divorce sur requête commune);RO 2010 281;210;Bulletin officiel;2
01.12.2015;19.06.2015;Loi fédérale sur le programme de consolidation et de réexamen des tâches 2014 (LCRT 2014);RO 2015 4747;520.3;Administration fédérale des finances;4
15.12.2015;20.03.2015;Loi fédérale sur les professions médicales universitaires ;RO 2015 5081;811.11;Office fédéral de la santé publique;12
15.12.2015;26.09.2014;Loi sur la surveillance de l'assurance-maladie, LSAMal;RO 2015 5137;832.12;Office fédéral de la santé publique;28
15.12.2015;19.06.2015;Loi sur l'infrastructure des marchés financiers, LIMF;RO 2015 5339;958.1;Secrétariat général DFF;74
22.12.2015;19.06.2015;Loi sur l'encouragement de la culture, LEC;RO 2015 5587;442.1;Office fédéral de la culture;4
22.12.2015;19.06.2015;Loi fédérale sur la culture et la production cinématographiques (Loi sur le cinéma, LCin);RO 2015 5637;443.1;Office fédéral de la culture;2
22.12.2015;20.03.2015;Loi fédérale sur les résidences secondaires (LRS);RO 2015 5657;702;Office fédéral du développement territorial;12
08.12.2015;20.03.2015;Erratum - Code civil suisse (Entretien de l'enfant);RO 2015 5017;210;Chancellerie fédérale suisse;2
03.11.2015;19.06.2015;Code des obligations (Révision du droit de révocation);RO 2015 4107;220;Commission des affaires juridiques;4
03.11.2015;20.03.2015;Loi fédérale sur le crédit à la consommation (LCC);RO 2015 4111;221.214.1;Services du Parlement;4
17.11.2015;20.03.2015;Code civil suisse (Entretien de l'enfant);RO 2015 4299;210;Office fédéral de la justice;12
20.10.2015;26.09.2014;Loi sur les Suisses de l'étranger, LSEtr;RO 2015 3857;195.1;Bulletin officiel;22
27.10.2015;26.09.2014;Loi sur les publications officielles, LPubl;RO 2015 3977;170.512;Chancellerie fédérale suisse;12
